n_unweighted,weighted_n,mean,std,variance,min,p5,p10,p25,median,p75,p90,p95,p99,max,metric
1596,13796413347.833174,11.896626728439323,13.975236357858666,195.30723125801475,0.0031075201988812,1.0180027006306795,1.6909906018881016,3.343065758973175,8.19746203279681,16.24428792867386,25.553347000651897,33.04356460159342,55.06189810703537,240.433809819764,distance_mi
1595,13782793847.200806,24.64209356388577,17.389718677715354,302.4023156900822,0.0,5.0,10.0,15.0,20.0,30.0,45.0,60.0,70.0,300.0,duration_min
1595,13782793847.20081,502.1511958209284,197.73760673280796,39100.16111641862,190.0,310.0,330.0,390.0,450.0,525.0,810.0,946.4014396419815,1260.0,1405.0,departure_min
1595,13782793847.200811,526.7932893848142,196.01457121429112,38421.71212832241,215.0,340.0,360.0,419.21733328547964,475.0,540.0,830.1426157239989,958.0,1279.0622038860704,1410.0,arrival_min
1444,12303935752.978106,27.46208335571237,14.063639230262243,197.7859483989712,1.020261031696704,8.585079083820178,11.277408416777488,16.998890898319864,25.312924585913773,36.17543126776336,45.88258115825766,52.13686599530619,68.27691523050545,88.38201781644933,avg_speed_mph_POVdriver
