n_unweighted,weighted_n,mean,std,variance,min,p5,p10,p25,median,p75,p90,p95,p99,max,metric
101,1814159.9104610702,723.8099819725385,163.68726247990003,26793.51989816369,0.0,484.4474526117238,575.6390331231222,621.0013308674494,720.0,780.0,916.8654509550635,1021.0597710366904,1302.9634184792217,1380.0,midday_departure_min
100,1779607.6284750688,818.5560115006002,154.6935667948604,23930.099607715936,420.0,626.9506537189912,696.6252708572198,741.11958606733,780.0,864.4128611666592,983.4392085192712,1076.7214937553515,1403.5293858379937,1410.0,midday_return_min
101,1814159.9104610698,14.446441331404978,12.033183076557838,144.79749495395797,2.0,3.7467031862592326,4.197651591757056,5.0,10.0,15.0,30.0,38.474979472279045,68.31242359965957,90.0,midday_trip_duration_min
101,1814159.9104610696,5.499961446218735,9.107618343848506,82.9487118972058,0.0522063393412057,0.17268769760328687,0.403905072281413,1.3634093704866692,2.6890862717316857,5.575683753241288,11.314278379668536,26.13599840298744,54.42684907960115,94.0926041019267,midday_trip_distance_mi
99,1771090.1615577696,45.22828085567868,62.61512543963085,3920.6539338207067,0.0,4.836782576089674,5.152155908091252,10.0,27.094185468433356,50.0,90.0,163.42718870277034,344.55775135635764,350.0,midday_stop_dwell_min
