income_bracket,income_range,n_vehicles_unweighted,weighted_vehicles,p_gasoline,p_hybrid,p_phev,p_bev,p_diesel_other,p_ev_phev_combined
1_<$50k,"<$50,000",3265,57641167,0.94743,0.02037,0.00274,0.00197,0.02749,0.00471
2_$50-100k,"$50,000-99,999",4843,75490600,0.9368,0.02644,0.00282,0.00789,0.02605,0.01071
3_$100-150k,"$100,000-149,999",3282,45991025,0.92392,0.03247,0.00415,0.01137,0.02809,0.01552
4_$150-200k,"$150,000-199,999",1366,23228892,0.90321,0.04191,0.00849,0.02346,0.02294,0.03195
5_$200k+,"$200,000+",1896,30009628,0.86826,0.04765,0.01296,0.03738,0.03375,0.05034
ALL,All incomes,14652,232361311,0.92468,0.03041,0.00494,0.01248,0.0275,0.01742
